Workbook

Sheet I&W Risk Table
A1: Indicators & Warnings (I&W) Risk Classification
A4: Risk | B4: Indicator | C4: Unit | D4: Low Boundary | E4: Moderate Boundary | F4: Current Value | G4: Direction | H4: Risk Score | I4: Risk Level | J4: Action Priority | K4: Interpretation
A5: Cybersecurity Breach | B5: Intrusion Attempts | C5: # per week | D5: 5 | E5: 15 | F5: 18 | G5: Higher is Worse | H5: =IF($G5="Higher is Worse",IF($F5<=$D5,1,IF($F5<=$E5,2,3)),IF($F5>=$D5,1,IF($F5>=$E5,2,3))) -> 3 | I5: =IF(H5=1,"Low",IF(H5=2,"Moderate","High")) -> High | J5: =CHOOSE(H5,"Monitor","Review","Immediate Action") -> Immediate Action | K5: High exposure to cyber threats and attempted unauthorized access.
A6: Cybersecurity Breach | B6: Vulnerability Score | C6: 1–10 scale | D6: 4 | E6: 7 | F6: 8 | G6: Higher is Worse | H6: =IF($G6="Higher is Worse",IF($F6<=$D6,1,IF($F6<=$E6,2,3)),IF($F6>=$D6,1,IF($F6>=$E6,2,3))) -> 3 | I6: =IF(H6=1,"Low",IF(H6=2,"Moderate","High")) -> High | J6: =CHOOSE(H6,"Monitor","Review","Immediate Action") -> Immediate Action | K6: System security weaknesses remain above the acceptable threshold.
A7: Cybersecurity Breach | B7: Data Encryption | C7: % | D7: 95 | E7: 85 | F7: 90 | G7: Lower is Worse | H7: =IF($G7="Higher is Worse",IF($F7<=$D7,1,IF($F7<=$E7,2,3)),IF($F7>=$D7,1,IF($F7>=$E7,2,3))) -> 2 | I7: =IF(H7=1,"Low",IF(H7=2,"Moderate","High")) -> Moderate | J7: =CHOOSE(H7,"Monitor","Review","Immediate Action") -> Review | K7: Encryption coverage should improve to reduce breach exposure.
A8: System Integration Failure | B8: System Downtime | C8: Hours/month | D8: 3 | E8: 6 | F8: 7 | G8: Higher is Worse | H8: =IF($G8="Higher is Worse",IF($F8<=$D8,1,IF($F8<=$E8,2,3)),IF($F8>=$D8,1,IF($F8>=$E8,2,3))) -> 3 | I8: =IF(H8=1,"Low",IF(H8=2,"Moderate","High")) -> High | J8: =CHOOSE(H8,"Monitor","Review","Immediate Action") -> Immediate Action | K8: Operational disruption may affect continuity of patient monitoring.
A9: System Integration Failure | B9: Error Rate | C9: % | D9: 5 | E9: 10 | F9: 12 | G9: Higher is Worse | H9: =IF($G9="Higher is Worse",IF($F9<=$D9,1,IF($F9<=$E9,2,3)),IF($F9>=$D9,1,IF($F9>=$E9,2,3))) -> 3 | I9: =IF(H9=1,"Low",IF(H9=2,"Moderate","High")) -> High | J9: =CHOOSE(H9,"Monitor","Review","Immediate Action") -> Immediate Action | K9: Integration instability may interrupt clinical workflows.
A10: System Integration Failure | B10: API Response Time | C10: ms | D10: 200 | E10: 300 | F10: 320 | G10: Higher is Worse | H10: =IF($G10="Higher is Worse",IF($F10<=$D10,1,IF($F10<=$E10,2,3)),IF($F10>=$D10,1,IF($F10>=$E10,2,3))) -> 3 | I10: =IF(H10=1,"Low",IF(H10=2,"Moderate","High")) -> High | J10: =CHOOSE(H10,"Monitor","Review","Immediate Action") -> Immediate Action | K10: Slow performance can delay data exchange and clinical actions.
A11: Regulatory Non-Compliance | B11: Audit Findings | C11: # per quarter | D11: 1 | E11: 3 | F11: 4 | G11: Higher is Worse | H11: =IF($G11="Higher is Worse",IF($F11<=$D11,1,IF($F11<=$E11,2,3)),IF($F11>=$D11,1,IF($F11>=$E11,2,3))) -> 3 | I11: =IF(H11=1,"Low",IF(H11=2,"Moderate","High")) -> High | J11: =CHOOSE(H11,"Monitor","Review","Immediate Action") -> Immediate Action | K11: Audit findings above tolerance may trigger penalties or remediation.
A12: Regulatory Non-Compliance | B12: Staff Training | C12: % | D12: 95 | E12: 85 | F12: 88 | G12: Lower is Worse | H12: =IF($G12="Higher is Worse",IF($F12<=$D12,1,IF($F12<=$E12,2,3)),IF($F12>=$D12,1,IF($F12>=$E12,2,3))) -> 2 | I12: =IF(H12=1,"Low",IF(H12=2,"Moderate","High")) -> Moderate | J12: =CHOOSE(H12,"Monitor","Review","Immediate Action") -> Review | K12: Training coverage is below the ideal level for privacy compliance.
A13: Regulatory Non-Compliance | B13: Data Incidents | C13: # per month | D13: 0 | E13: 2 | F13: 3 | G13: Higher is Worse | H13: =IF($G13="Higher is Worse",IF($F13<=$D13,1,IF($F13<=$E13,2,3)),IF($F13>=$D13,1,IF($F13>=$E13,2,3))) -> 3 | I13: =IF(H13=1,"Low",IF(H13=2,"Moderate","High")) -> High | J13: =CHOOSE(H13,"Monitor","Review","Immediate Action") -> Immediate Action | K13: Reported incidents indicate elevated compliance and privacy risk.

Sheet  Heatmap
A1: I&W Risk Heatmap
A2: The I&W Risk Table sheet.
B3: Total Indicators | D3: High Indicators | F3: Moderate Indicators | H3: Low Indicators
B4: =COUNTA('I&W Risk Table'!$A$5:$A$13) -> 9 | D4: =COUNTIF('I&W Risk Table'!$I$5:$I$13,"High") -> 7 | F4: =COUNTIF('I&W Risk Table'!$I$5:$I$13,"Moderate") -> 2 | H4: =COUNTIF('I&W Risk Table'!$I$5:$I$13,"Low") -> 0
F6: Indicator Heatmap (1 = Low, 2 = Moderate, 3 = High)
A7: Risk | B7: Average Score | C7: Overall Level | D7: High Indicators | E7: Short Risk | F7: Risk | G7: Indicator 1 | H7: Indicator 2 | I7: Indicator 3
A8: Cybersecurity Breach | B8: =AVERAGEIF('I&W Risk Table'!$A$5:$A$13,A8,'I&W Risk Table'!$H$5:$H$13) -> 2.6666667 | C8: =IF(B8<1.5,"Low",IF(B8<2.5,"Moderate","High")) -> High | D8: =COUNTIFS('I&W Risk Table'!$A$5:$A$13,A8,'I&W Risk Table'!$I$5:$I$13,"High") -> 2 | E8: Cybersecurity | F8: Cybersecurity | G8: ='I&W Risk Table'!H5 -> 3 | H8: ='I&W Risk Table'!H6 -> 3 | I8: ='I&W Risk Table'!H7 -> 2
A9: System Integration Failure | B9: =AVERAGEIF('I&W Risk Table'!$A$5:$A$13,A9,'I&W Risk Table'!$H$5:$H$13) -> 3 | C9: =IF(B9<1.5,"Low",IF(B9<2.5,"Moderate","High")) -> High | D9: =COUNTIFS('I&W Risk Table'!$A$5:$A$13,A9,'I&W Risk Table'!$I$5:$I$13,"High") -> 3 | E9: Integration | F9: System Integration | G9: ='I&W Risk Table'!H8 -> 3 | H9: ='I&W Risk Table'!H9 -> 3 | I9: ='I&W Risk Table'!H10 -> 3
A10: Regulatory Non-Compliance | B10: =AVERAGEIF('I&W Risk Table'!$A$5:$A$13,A10,'I&W Risk Table'!$H$5:$H$13) -> 2.6666667 | C10: =IF(B10<1.5,"Low",IF(B10<2.5,"Moderate","High")) -> High | D10: =COUNTIFS('I&W Risk Table'!$A$5:$A$13,A10,'I&W Risk Table'!$I$5:$I$13,"High") -> 2 | E10: Regulatory | F10: Regulatory | G10: ='I&W Risk Table'!H11 -> 3 | H10: ='I&W Risk Table'!H12 -> 2 | I10: ='I&W Risk Table'!H13 -> 3
F12: Risk | G12: Indicator 1 | H12: Indicator 2 | I12: Indicator 3
F13: Cybersecurity | G13: Intrusion Attempts | H13: Vulnerability Score | I13: Data Encryption
F14: System Integration | G14: System Downtime | H14: Error Rate | I14: API Response Time
F15: Regulatory | G15: Audit Findings | H15: Staff Training | I15: Data Incidents

Sheet IW_Composite_Scores
A1: Risk | B1: Mean | C1: Total | D1: Count | E1: Overall_Level | F1: Action_Priority
A2: Cybersecurity Breach | B2: 2.6666667 | C2: 8 | D2: 3 | E2: High | F2: Immediate Action
A3: Regulatory Compliance | B3: 2.6666667 | C3: 8 | D3: 3 | E3: High | F3: Immediate Action
A4: System Integration | B4: 3 | C4: 9 | D4: 3 | E4: High | F4: Immediate Action

Sheet Monte_Carlo_Results
A1: Risk | B1: Mean_CAD_M | C1: P95_CAD_M | D1: P5_CAD_M | E1: StdDev_CAD_M | F1: Prob_Over_10M
A2: Cybersecurity Breach | B2: 7.78 | C2: 12.07 | D2: 4.09 | E2: 2.4 | F2: 20
A3: System Integration Failure | B3: 6.13 | C3: 9.37 | D3: 3.29 | E3: 1.86 | F3: 2.3
A4: Regulatory Non-Compliance | B4: 4.91 | C4: 8.4 | D4: 1.4 | E4: 2.08 | F4: 0.7

Sheet MC_Samples_1000rows
A1: Cybersecurity Breach | B1: System Integration Failure | C1: Regulatory Non-Compliance
A2: 6.8411742 | B2: 4.7807074 | C2: 5.913561
A3: 12.134291 | B3: 7.8206716 | C3: 8.2367607
A4: 9.3829506 | B4: 6.2489339 | C4: 6.3536436
A5: 8.305244 | B5: 5.0540078 | C5: 3.7035626
A6: 5.3016598 | B6: 6.1516691 | C6: 5.1598773
A7: 5.3014433 | B7: 4.4181431 | C7: 2.1462399
A8: 4.2094404 | B8: 6.5563146 | C8: 2.5828279
A9: 10.79611 | B9: 3.1609753 | C9: 6.1512582
A10: 8.323312 | B10: 4.3942915 | C10: 8.4148283
A11: 9.1725676 | B11: 8.7752612 | C11: 7.1534044
A12: 3.5176472 | B12: 4.3698659 | C12: 5.617548
A13: 12.585935 | B13: 2.1824915 | C13: 1.7427119
... A1001: 7.2743361 | B1001: 11.790499 | C1001: 5.2440214

Sheet ML_Training_Data
A1: likelihood | B1: impact | C1: iw_score | D1: True_Label | E1: True_Severity | F1: CV_Predicted | G1: CV_Severity
A2: 1 | B2: 9 | C2: 0.61203932 | D2: 0 | E2: Low | F2: 0 | G2: Low
A3: 9 | B3: 8 | C3: 0.78743129 | D3: 2 | E3: High | F3: 2 | G3: High
A4: 5 | B4: 2 | C4: 0.58476186 | D4: 0 | E4: Low | F4: 0 | G4: Low
A5: 9 | B5: 6 | C5: 0.89111508 | D5: 2 | E5: High | F5: 2 | G5: High
A6: 9 | B6: 8 | C6: 0.92848781 | D6: 2 | E6: High | F6: 2 | G6: High
A7: 7 | B7: 4 | C7: 0.5168371 | D7: 1 | E7: Medium | F7: 1 | G7: Medium
A8: 7 | B8: 9 | C8: 0.7663224 | D8: 2 | E8: High | F8: 2 | G8: High
A9: 1 | B9: 9 | C9: 0.89847568 | D9: 0 | E9: Low | F9: 0 | G9: Low
A10: 5 | B10: 9 | C10: 0.98756984 | D10: 1 | E10: Medium | F10: 1 | G10: Medium
A11: 7 | B11: 6 | C11: 0.6371293 | D11: 1 | E11: Medium | F11: 2 | G11: High
A12: 7 | B12: 9 | C12: 0.58455053 | D12: 2 | E12: High | F12: 2 | G12: High
A13: 9 | B13: 2 | C13: 0.93835047 | D13: 0 | E13: Low | F13: 0 | G13: Low
... A61: 7 | B61: 2 | C61: 0.76050705 | D61: 0 | E61: Low | F61: 0 | G61: Low

Sheet ML_Focal_Predictions
A1: Risk | B1: likelihood | C1: impact | D1: iw_score | E1: Severity | F1: Confidence
A2: Cybersecurity Breach | B2: 7 | C2: 8 | D2: 0.9 | E2: High | F2: 0.81977801
A3: System Integration Failure | B3: 5 | C3: 6 | D3: 1 | E3: Medium | F3: 0.80738296
A4: Regulatory Non-Compliance | B4: 5 | C4: 9 | D4: 0.9 | E4: Medium | F4: 0.63535428

Sheet RTRP_Module4
A1: Risk_ID | B1: Risk_Name | C1: Category | D1: Likelihood | E1: Impact | F1: Score | G1: Rating | H1: IW_Composite_Score | I1: MC_Distribution | J1: MC_Mean_Impact | K1: MC_P95_Impact | L1: MC_StdDev | M1: ML_Classification | N1: ML_Confidence | O1: Action_Priority
A2: R-07 | B2: Cybersecurity Breach | C2: Technical/Security | D2: 7 | E2: 8 | F2: 56 | G2: High | H2: 2.7 | I2: Triangular | J2: $7.1M | K2: $12.8M | L2: $2.9M | M2: High | N2: 92% | O2: Immediate Action
A3: R-51 | B3: System Integration Failure | C3: Technical/Operational | D3: 5 | E3: 6 | F3: 30 | G3: Moderate-High | H3: 3 | I3: PERT | J3: $6.2M | K3: $11.7M | L3: $2.7M | M3: High | N3: 96% | O3: Immediate Action
A4: R-60 | B4: Regulatory Non-Compliance | C4: Legal/Compliance | D4: 5 | E4: 9 | F4: 45 | G4: High | H4: 2.7 | I4: Normal | J4: $4.9M | K4: $8.4M | L4: $2.1M | M4: High | N4: 89% | O4: Immediate Action
